epoch,loss
0,92.900146484375
1,92.8319091796875
2,92.8319091796875
3,92.8319091796875
4,92.8319091796875
5,92.8319091796875
6,92.8319091796875
7,92.8319091796875
8,92.8319091796875
9,92.8319091796875
10,92.8319091796875
11,92.8319091796875
12,92.8319091796875
13,92.8319091796875
14,92.8319091796875
15,92.8319091796875
16,92.8319091796875
17,92.8319091796875
18,92.8319091796875
19,92.8319091796875
20,92.8319091796875
21,92.8319091796875
22,92.8319091796875
23,92.8319091796875
24,92.8319091796875
25,92.8319091796875
26,92.8319091796875
27,92.8319091796875
28,92.8319091796875
29,92.8319091796875
30,92.8319091796875
31,92.8319091796875
32,92.8319091796875
33,92.8319091796875
34,92.8319091796875
35,92.8319091796875
36,92.8319091796875
37,92.8319091796875
38,92.8319091796875
39,92.8319091796875
40,92.8319091796875
41,92.8319091796875
42,92.8319091796875
43,92.8319091796875
44,92.8319091796875
45,92.8319091796875
46,92.8319091796875
47,92.8319091796875
48,92.8319091796875
49,92.8319091796875
50,92.8319091796875
51,92.8319091796875
52,92.8319091796875
53,92.8319091796875
54,92.8319091796875
55,92.8319091796875
56,92.8319091796875
57,92.8319091796875
58,92.8319091796875
59,92.8319091796875
60,92.8319091796875
61,92.8319091796875
62,92.8319091796875
63,92.8319091796875
64,92.8319091796875
65,92.8319091796875
66,92.8319091796875
67,92.8319091796875
68,92.8319091796875
69,92.8319091796875
70,92.8319091796875
71,92.8319091796875
72,92.8319091796875
73,92.8319091796875
74,92.8319091796875
75,92.8319091796875
76,92.8319091796875
77,92.8319091796875
78,92.8319091796875
79,92.8319091796875
80,92.8319091796875
81,92.8319091796875
82,92.8319091796875
83,92.8319091796875
84,92.8319091796875
85,92.8319091796875
86,92.8319091796875
87,92.8319091796875
88,92.8319091796875
89,92.8319091796875
90,92.8319091796875
91,92.8319091796875
92,92.8319091796875
93,92.8319091796875
94,92.8319091796875
95,92.8319091796875
96,92.8319091796875
97,92.8319091796875
98,92.8319091796875
99,92.8319091796875
100,92.8319091796875
101,92.8319091796875
102,92.8319091796875
103,92.8319091796875
104,92.8319091796875
105,92.8319091796875
106,92.8319091796875
107,92.8319091796875
108,92.8319091796875
109,92.8319091796875
110,92.8319091796875
111,92.8319091796875
112,92.8319091796875
113,92.8319091796875
114,92.8319091796875
115,92.8319091796875
116,92.8319091796875
117,92.8319091796875
118,92.8319091796875
119,92.8319091796875
120,92.8319091796875
121,92.8319091796875
122,92.8319091796875
123,92.8319091796875
124,92.8319091796875
125,92.8319091796875
126,92.8319091796875
127,92.8319091796875
128,92.8319091796875
129,92.8319091796875
130,92.8319091796875
131,92.8319091796875
132,92.8319091796875
133,92.8319091796875
134,92.8319091796875
135,92.8319091796875
136,92.8319091796875
137,92.8319091796875
138,92.8319091796875
139,92.8319091796875
140,92.8319091796875
141,92.8319091796875
142,92.8319091796875
143,92.8319091796875
144,92.8319091796875
145,92.8319091796875
146,92.8319091796875
147,92.8319091796875
148,92.8319091796875
149,92.8319091796875
150,92.8319091796875
151,92.8319091796875
152,92.8319091796875
153,92.8319091796875
154,92.8319091796875
155,92.8319091796875
156,92.8319091796875
157,92.8319091796875
158,92.8319091796875
159,92.8319091796875
160,92.8319091796875
161,92.8319091796875
162,92.8319091796875
163,92.8319091796875
164,92.8319091796875
165,92.8319091796875
166,92.8319091796875
167,92.8319091796875
168,92.8319091796875
169,92.8319091796875
170,92.8319091796875
171,92.8319091796875
172,92.8319091796875
173,92.8319091796875
174,92.8319091796875
175,92.8319091796875
176,92.8319091796875
177,92.8319091796875
178,92.8319091796875
179,92.8319091796875
180,92.8319091796875
181,92.8319091796875
182,92.8319091796875
183,92.8319091796875
184,92.8319091796875
185,92.8319091796875
186,92.8319091796875
187,92.8319091796875
188,92.8319091796875
189,92.8319091796875
190,92.8319091796875
191,92.8319091796875
192,92.8319091796875
193,92.8319091796875
194,92.8319091796875
195,92.8319091796875
196,92.8319091796875
197,92.8319091796875
198,92.8319091796875
199,92.8319091796875
200,92.8319091796875
201,92.8319091796875
202,92.8319091796875
203,92.8319091796875
204,92.8319091796875
205,92.8319091796875
206,92.8319091796875
207,92.8319091796875
208,92.8319091796875
209,92.8319091796875
210,92.8319091796875
211,92.8319091796875
212,92.8319091796875
213,92.8319091796875
214,92.8319091796875
215,92.8319091796875
216,92.8319091796875
217,92.8319091796875
218,92.8319091796875
219,92.8319091796875
220,92.8319091796875
221,92.8319091796875
222,92.8319091796875
223,92.8319091796875
224,92.8319091796875
225,92.8319091796875
226,92.8319091796875
227,92.8319091796875
228,92.8319091796875
229,92.8319091796875
230,92.8319091796875
231,92.8319091796875
232,92.8319091796875
233,92.8319091796875
234,92.8319091796875
235,92.8319091796875
236,92.8319091796875
237,92.8319091796875
238,92.8319091796875
239,92.8319091796875
240,92.8319091796875
241,92.8319091796875
242,92.8319091796875
243,92.8319091796875
244,92.8319091796875
245,92.8319091796875
246,92.8319091796875
247,92.8319091796875
248,92.8319091796875
249,92.8319091796875
250,92.8319091796875
251,92.8319091796875
252,92.8319091796875
253,92.8319091796875
254,92.8319091796875
255,92.8319091796875
256,92.8319091796875
257,92.8319091796875
258,92.8319091796875
259,92.8319091796875
260,92.8319091796875
261,92.8319091796875
262,92.8319091796875
263,92.8319091796875
264,92.8319091796875
265,92.8319091796875
266,92.8319091796875
267,92.8319091796875
268,92.8319091796875
269,92.8319091796875
270,92.8319091796875
271,92.8319091796875
272,92.8319091796875
273,92.8319091796875
274,92.8319091796875
275,92.8319091796875
276,92.8319091796875
277,92.8319091796875
278,92.8319091796875
279,92.8319091796875
280,92.8319091796875
281,92.8319091796875
282,92.8319091796875
283,92.8319091796875
284,92.8319091796875
285,92.8319091796875
286,92.8319091796875
287,92.8319091796875
288,92.8319091796875
289,92.8319091796875
290,92.8319091796875
291,92.8319091796875
292,92.8319091796875
293,92.8319091796875
294,92.8319091796875
295,92.8319091796875
296,92.8319091796875
297,92.8319091796875
298,92.8319091796875
299,92.8319091796875
300,92.8319091796875
301,92.8319091796875
302,92.8319091796875
303,92.8319091796875
304,92.8319091796875
305,92.8319091796875
306,92.8319091796875
307,92.8319091796875
308,92.8319091796875
309,92.8319091796875
310,92.8319091796875
311,92.8319091796875
312,92.8319091796875
313,92.8319091796875
314,92.8319091796875
315,92.8319091796875
316,92.8319091796875
317,92.8319091796875
318,92.8319091796875
319,92.8319091796875
320,92.8319091796875
321,92.8319091796875
322,92.8319091796875
323,92.8319091796875
324,92.8319091796875
325,92.8319091796875
326,92.8319091796875
327,92.8319091796875
328,92.8319091796875
329,92.8319091796875
330,92.8319091796875
331,92.8319091796875
332,92.8319091796875
333,92.8319091796875
334,92.8319091796875
335,92.8319091796875
336,92.8319091796875
337,92.8319091796875
338,92.8319091796875
339,92.8319091796875
340,92.8319091796875
341,92.8319091796875
342,92.8319091796875
343,92.8319091796875
344,92.8319091796875
345,92.8319091796875
346,92.8319091796875
347,92.8319091796875
348,92.8319091796875
349,92.8319091796875
350,92.8319091796875
351,92.8319091796875
352,92.8319091796875
353,92.8319091796875
354,92.8319091796875
355,92.8319091796875
356,92.8319091796875
357,92.8319091796875
358,92.8319091796875
359,92.8319091796875
360,92.8319091796875
361,92.8319091796875
362,92.8319091796875
363,92.8319091796875
364,92.8319091796875
365,92.8319091796875
366,92.8319091796875
367,92.8319091796875
368,92.8319091796875
369,92.8319091796875
370,92.8319091796875
371,92.8319091796875
372,92.8319091796875
373,92.8319091796875
374,92.8319091796875
375,92.8319091796875
376,92.8319091796875
377,92.8319091796875
378,92.8319091796875
379,92.8319091796875
380,92.8319091796875
381,92.8319091796875
382,92.8319091796875
383,92.8319091796875
384,92.8319091796875
385,92.8319091796875
386,92.8319091796875
387,92.8319091796875
388,92.8319091796875
389,92.8319091796875
390,92.8319091796875
391,92.8319091796875
392,92.8319091796875
393,92.8319091796875
394,92.8319091796875
395,92.8319091796875
396,92.8319091796875
397,92.8319091796875
398,92.8319091796875
399,92.8319091796875
400,92.8319091796875
401,92.8319091796875
402,92.8319091796875
403,92.8319091796875
404,92.8319091796875
405,92.8319091796875
406,92.8319091796875
407,92.8319091796875
408,92.8319091796875
409,92.8319091796875
410,92.8319091796875
411,92.8319091796875
412,92.8319091796875
413,92.8319091796875
414,92.8319091796875
415,92.8319091796875
416,92.8319091796875
417,92.8319091796875
418,92.8319091796875
419,92.8319091796875
420,92.8319091796875
421,92.8319091796875
422,92.8319091796875
423,92.8319091796875
424,92.8319091796875
425,92.8319091796875
426,92.8319091796875
427,92.8319091796875
428,92.8319091796875
429,92.8319091796875
430,92.8319091796875
431,92.8319091796875
432,92.8319091796875
433,92.8319091796875
434,92.8319091796875
435,92.8319091796875
436,92.8319091796875
437,92.8319091796875
438,92.8319091796875
439,92.8319091796875
440,92.8319091796875
441,92.8319091796875
442,92.8319091796875
443,92.8319091796875
444,92.8319091796875
445,92.8319091796875
446,92.8319091796875
447,92.8319091796875
448,92.8319091796875
449,92.8319091796875
450,92.8319091796875
451,92.8319091796875
452,92.8319091796875
453,92.8319091796875
454,92.8319091796875
455,92.8319091796875
456,92.8319091796875
457,92.8319091796875
458,92.8319091796875
459,92.8319091796875
460,92.8319091796875
461,92.8319091796875
462,92.8319091796875
463,92.8319091796875
464,92.8319091796875
465,92.8319091796875
466,92.8319091796875
467,92.8319091796875
468,92.8319091796875
469,92.8319091796875
470,92.8319091796875
471,92.8319091796875
472,92.8319091796875
473,92.8319091796875
474,92.8319091796875
475,92.8319091796875
476,92.8319091796875
477,92.8319091796875
478,92.8319091796875
479,92.8319091796875
480,92.8319091796875
481,92.8319091796875
482,92.8319091796875
483,92.8319091796875
484,92.8319091796875
485,92.8319091796875
486,92.8319091796875
487,92.8319091796875
488,92.8319091796875
489,92.8319091796875
490,92.8319091796875
491,92.8319091796875
492,92.8319091796875
493,92.8319091796875
494,92.8319091796875
495,92.8319091796875
496,92.8319091796875
497,92.8319091796875
498,92.8319091796875
499,92.8319091796875
500,92.8319091796875
501,92.8319091796875
502,92.8319091796875
503,92.8319091796875
504,92.8319091796875
505,92.8319091796875
506,92.8319091796875
507,92.8319091796875
508,92.8319091796875
509,92.8319091796875
510,92.8319091796875
511,92.8319091796875
512,92.8319091796875
513,92.8319091796875
514,92.8319091796875
515,92.8319091796875
516,92.8319091796875
517,92.8319091796875
518,92.8319091796875
519,92.8319091796875
520,92.8319091796875
521,92.8319091796875
522,92.8319091796875
523,92.8319091796875
524,92.8319091796875
525,92.8319091796875
526,92.8319091796875
527,92.8319091796875
528,92.8319091796875
529,92.8319091796875
530,92.8319091796875
531,92.8319091796875
532,92.8319091796875
533,92.8319091796875
534,92.8319091796875
535,92.8319091796875
536,92.8319091796875
537,92.8319091796875
538,92.8319091796875
539,92.8319091796875
540,92.8319091796875
541,92.8319091796875
542,92.8319091796875
543,92.8319091796875
544,92.8319091796875
545,92.8319091796875
546,92.8319091796875
547,92.8319091796875
548,92.8319091796875
549,92.8319091796875
550,92.8319091796875
551,92.8319091796875
552,92.8319091796875
553,92.8319091796875
554,92.8319091796875
555,92.8319091796875
556,92.8319091796875
557,92.8319091796875
558,92.8319091796875
559,92.8319091796875
560,92.8319091796875
561,92.8319091796875
562,92.8319091796875
563,92.8319091796875
564,92.8319091796875
565,92.8319091796875
566,92.8319091796875
567,92.8319091796875
568,92.8319091796875
569,92.8319091796875
570,92.8319091796875
571,92.8319091796875
572,92.8319091796875
573,92.8319091796875
574,92.8319091796875
575,92.8319091796875
576,92.8319091796875
577,92.8319091796875
578,92.8319091796875
579,92.8319091796875
580,92.8319091796875
581,92.8319091796875
582,92.8319091796875
583,92.8319091796875
584,92.8319091796875
585,92.8319091796875
586,92.8319091796875
587,92.8319091796875
588,92.8319091796875
589,92.8319091796875
590,92.8319091796875
591,92.8319091796875
592,92.8319091796875
593,92.8319091796875
594,92.8319091796875
595,92.8319091796875
596,92.8319091796875
597,92.8319091796875
598,92.8319091796875
599,92.8319091796875
600,92.8319091796875
601,92.8319091796875
602,92.8319091796875
603,92.8319091796875
604,92.8319091796875
605,92.8319091796875
606,92.8319091796875
607,92.8319091796875
608,92.8319091796875
609,92.8319091796875
610,92.8319091796875
611,92.8319091796875
612,92.8319091796875
613,92.8319091796875
614,92.8319091796875
615,92.8319091796875
616,92.8319091796875
617,92.8319091796875
618,92.8319091796875
619,92.8319091796875
620,92.8319091796875
621,92.8319091796875
622,92.8319091796875
623,92.8319091796875
624,92.8319091796875
625,92.8319091796875
626,92.8319091796875
627,92.8319091796875
628,92.8319091796875
629,92.8319091796875
630,92.8319091796875
631,92.8319091796875
632,92.8319091796875
633,92.8319091796875
634,92.8319091796875
635,92.8319091796875
636,92.8319091796875
637,92.8319091796875
638,92.8319091796875
639,92.8319091796875
640,92.8319091796875
641,92.8319091796875
642,92.8319091796875
643,92.8319091796875
644,92.8319091796875
645,92.8319091796875
646,92.8319091796875
647,92.8319091796875
648,92.8319091796875
649,92.8319091796875
650,92.8319091796875
651,92.8319091796875
652,92.8319091796875
653,92.8319091796875
654,92.8319091796875
655,92.8319091796875
656,92.8319091796875
657,92.8319091796875
658,92.8319091796875
659,92.8319091796875
660,92.8319091796875
661,92.8319091796875
662,92.8319091796875
663,92.8319091796875
664,92.8319091796875
665,92.8319091796875
666,92.8319091796875
667,92.8319091796875
668,92.8319091796875
669,92.8319091796875
670,92.8319091796875
671,92.8319091796875
672,92.8319091796875
673,92.8319091796875
674,92.8319091796875
675,92.8319091796875
676,92.8319091796875
677,92.8319091796875
678,92.8319091796875
679,92.8319091796875
680,92.8319091796875
681,92.8319091796875
682,92.8319091796875
683,92.8319091796875
684,92.8319091796875
685,92.8319091796875
686,92.8319091796875
687,92.8319091796875
688,92.8319091796875
689,92.8319091796875
690,92.8319091796875
691,92.8319091796875
692,92.8319091796875
693,92.8319091796875
694,92.8319091796875
695,92.8319091796875
696,92.8319091796875
697,92.8319091796875
698,92.8319091796875
699,92.8319091796875
700,92.8319091796875
701,92.8319091796875
702,92.8319091796875
703,92.8319091796875
704,92.8319091796875
705,92.8319091796875
706,92.8319091796875
707,92.8319091796875
708,92.8319091796875
709,92.8319091796875
710,92.8319091796875
711,92.8319091796875
712,92.8319091796875
713,92.8319091796875
714,92.8319091796875
715,92.8319091796875
716,92.8319091796875
717,92.8319091796875
718,92.8319091796875
719,92.8319091796875
720,92.8319091796875
721,92.8319091796875
722,92.8319091796875
723,92.8319091796875
724,92.8319091796875
725,92.8319091796875
726,92.8319091796875
727,92.8319091796875
728,92.8319091796875
729,92.8319091796875
730,92.8319091796875
731,92.8319091796875
732,92.8319091796875
733,92.8319091796875
734,92.8319091796875
735,92.8319091796875
736,92.8319091796875
737,92.8319091796875
738,92.8319091796875
739,92.8319091796875
740,92.8319091796875
741,92.8319091796875
742,92.8319091796875
743,92.8319091796875
744,92.8319091796875
745,92.8319091796875
746,92.8319091796875
747,92.8319091796875
748,92.8319091796875
749,92.8319091796875
750,92.8319091796875
751,92.8319091796875
752,92.8319091796875
753,92.8319091796875
754,92.8319091796875
755,92.8319091796875
756,92.8319091796875
757,92.8319091796875
758,92.8319091796875
759,92.8319091796875
760,92.8319091796875
761,92.8319091796875
762,92.8319091796875
763,92.8319091796875
764,92.8319091796875
765,92.8319091796875
766,92.8319091796875
767,92.8319091796875
768,92.8319091796875
769,92.8319091796875
770,92.8319091796875
771,92.8319091796875
772,92.8319091796875
773,92.8319091796875
774,92.8319091796875
775,92.8319091796875
776,92.8319091796875
777,92.8319091796875
778,92.8319091796875
779,92.8319091796875
780,92.8319091796875
781,92.8319091796875
782,92.8319091796875
783,92.8319091796875
784,92.8319091796875
785,92.8319091796875
786,92.8319091796875
787,92.8319091796875
788,92.8319091796875
789,92.8319091796875
790,92.8319091796875
791,92.8319091796875
792,92.8319091796875
793,92.8319091796875
794,92.8319091796875
795,92.8319091796875
796,92.8319091796875
797,92.8319091796875
798,92.8319091796875
799,92.8319091796875
800,92.8319091796875
801,92.8319091796875
802,92.8319091796875
803,92.8319091796875
804,92.8319091796875
805,92.8319091796875
806,92.8319091796875
807,92.8319091796875
808,92.8319091796875
809,92.8319091796875
810,92.8319091796875
811,92.8319091796875
812,92.8319091796875
813,92.8319091796875
814,92.8319091796875
815,92.8319091796875
816,92.8319091796875
817,92.8319091796875
818,92.8319091796875
819,92.8319091796875
820,92.8319091796875
821,92.8319091796875
822,92.8319091796875
823,92.8319091796875
824,92.8319091796875
825,92.8319091796875
826,92.8319091796875
827,92.8319091796875
828,92.8319091796875
829,92.8319091796875
830,92.8319091796875
831,92.8319091796875
832,92.8319091796875
833,92.8319091796875
834,92.8319091796875
835,92.8319091796875
836,92.8319091796875
837,92.8319091796875
838,92.8319091796875
839,92.8319091796875
840,92.8319091796875
841,92.8319091796875
842,92.8319091796875
843,92.8319091796875
844,92.8319091796875
845,92.8319091796875
846,92.8319091796875
847,92.8319091796875
848,92.8319091796875
849,92.8319091796875
850,92.8319091796875
851,92.8319091796875
852,92.8319091796875
853,92.8319091796875
854,92.8319091796875
855,92.8319091796875
856,92.8319091796875
857,92.8319091796875
858,92.8319091796875
859,92.8319091796875
860,92.8319091796875
861,92.8319091796875
862,92.8319091796875
863,92.8319091796875
864,92.8319091796875
865,92.8319091796875
866,92.8319091796875
867,92.8319091796875
868,92.8319091796875
869,92.8319091796875
870,92.8319091796875
871,92.8319091796875
872,92.8319091796875
873,92.8319091796875
874,92.8319091796875
875,92.8319091796875
876,92.8319091796875
877,92.8319091796875
878,92.8319091796875
879,92.8319091796875
880,92.8319091796875
881,92.8319091796875
882,92.8319091796875
883,92.8319091796875
884,92.8319091796875
885,92.8319091796875
886,92.8319091796875
887,92.8319091796875
888,92.8319091796875
889,92.8319091796875
890,92.8319091796875
891,92.8319091796875
892,92.8319091796875
893,92.8319091796875
894,92.8319091796875
895,92.8319091796875
896,92.8319091796875
897,92.8319091796875
898,92.8319091796875
899,92.8319091796875
900,92.8319091796875
901,92.8319091796875
902,92.8319091796875
903,92.8319091796875
904,92.8319091796875
905,92.8319091796875
906,92.8319091796875
907,92.8319091796875
908,92.8319091796875
909,92.8319091796875
910,92.8319091796875
911,92.8319091796875
912,92.8319091796875
913,92.8319091796875
914,92.8319091796875
915,92.8319091796875
916,92.8319091796875
917,92.8319091796875
918,92.8319091796875
919,92.8319091796875
920,92.8319091796875
921,92.8319091796875
922,92.8319091796875
923,92.8319091796875
924,92.8319091796875
925,92.8319091796875
926,92.8319091796875
927,92.8319091796875
928,92.8319091796875
929,92.8319091796875
930,92.8319091796875
931,92.8319091796875
932,92.8319091796875
933,92.8319091796875
934,92.8319091796875
935,92.8319091796875
936,92.8319091796875
937,92.8319091796875
938,92.8319091796875
939,92.8319091796875
940,92.8319091796875
941,92.8319091796875
942,92.8319091796875
943,92.8319091796875
944,92.8319091796875
945,92.8319091796875
946,92.8319091796875
947,92.8319091796875
948,92.8319091796875
949,92.8319091796875
950,92.8319091796875
951,92.8319091796875
952,92.8319091796875
953,92.8319091796875
954,92.8319091796875
955,92.8319091796875
956,92.8319091796875
957,92.8319091796875
958,92.8319091796875
959,92.8319091796875
960,92.8319091796875
961,92.8319091796875
962,92.8319091796875
963,92.8319091796875
964,92.8319091796875
965,92.8319091796875
966,92.8319091796875
967,92.8319091796875
968,92.8319091796875
969,92.8319091796875
970,92.8319091796875
971,92.8319091796875
972,92.8319091796875
973,92.8319091796875
974,92.8319091796875
975,92.8319091796875
976,92.8319091796875
977,92.8319091796875
978,92.8319091796875
979,92.8319091796875
980,92.8319091796875
981,92.8319091796875
982,92.8319091796875
983,92.8319091796875
984,92.8319091796875
985,92.8319091796875
986,92.8319091796875
987,92.8319091796875
988,92.8319091796875
989,92.8319091796875
990,92.8319091796875
991,92.8319091796875
992,92.8319091796875
993,92.8319091796875
994,92.8319091796875
995,92.8319091796875
996,92.8319091796875
997,92.8319091796875
998,92.8319091796875
999,92.8319091796875
1000,92.8319091796875
1001,92.8319091796875
1002,92.8319091796875
1003,92.8319091796875
1004,92.8319091796875
1005,92.8319091796875
1006,92.8319091796875
1007,92.8319091796875
1008,92.8319091796875
1009,92.8319091796875
1010,92.8319091796875
1011,92.8319091796875
1012,92.8319091796875
1013,92.8319091796875
1014,92.8319091796875
1015,92.8319091796875
1016,92.8319091796875
1017,92.8319091796875
1018,92.8319091796875
1019,92.8319091796875
1020,92.8319091796875
1021,92.8319091796875
1022,92.8319091796875
1023,92.8319091796875
1024,92.8319091796875
1025,92.8319091796875
1026,92.8319091796875
1027,92.8319091796875
1028,92.8319091796875
1029,92.8319091796875
1030,92.8319091796875
1031,92.8319091796875
1032,92.8319091796875
1033,92.8319091796875
1034,92.8319091796875
1035,92.8319091796875
1036,92.8319091796875
1037,92.8319091796875
1038,92.8319091796875
1039,92.8319091796875
1040,92.8319091796875
1041,92.8319091796875
1042,92.8319091796875
1043,92.8319091796875
1044,92.8319091796875
1045,92.8319091796875
1046,92.8319091796875
1047,92.8319091796875
1048,92.8319091796875
1049,92.8319091796875
1050,92.8319091796875
1051,92.8319091796875
1052,92.8319091796875
1053,92.8319091796875
1054,92.8319091796875
1055,92.8319091796875
1056,92.8319091796875
1057,92.8319091796875
1058,92.8319091796875
1059,92.8319091796875
1060,92.8319091796875
1061,92.8319091796875
1062,92.8319091796875
1063,92.8319091796875
1064,92.8319091796875
1065,92.8319091796875
1066,92.8319091796875
1067,92.8319091796875
1068,92.8319091796875
1069,92.8319091796875
1070,92.8319091796875
1071,92.8319091796875
1072,92.8319091796875
1073,92.8319091796875
1074,92.8319091796875
1075,92.8319091796875
1076,92.8319091796875
1077,92.8319091796875
1078,92.8319091796875
1079,92.8319091796875
1080,92.8319091796875
1081,92.8319091796875
1082,92.8319091796875
1083,92.8319091796875
1084,92.8319091796875
1085,92.8319091796875
1086,92.8319091796875
1087,92.8319091796875
1088,92.8319091796875
1089,92.8319091796875
1090,92.8319091796875
1091,92.8319091796875
1092,92.8319091796875
1093,92.8319091796875
1094,92.8319091796875
1095,92.8319091796875
1096,92.8319091796875
1097,92.8319091796875
1098,92.8319091796875
1099,92.8319091796875
1100,92.8319091796875
1101,92.8319091796875
1102,92.8319091796875
1103,92.8319091796875
1104,92.8319091796875
1105,92.8319091796875
1106,92.8319091796875
1107,92.8319091796875
1108,92.8319091796875
1109,92.8319091796875
1110,92.8319091796875
1111,92.8319091796875
1112,92.8319091796875
1113,92.8319091796875
1114,92.8319091796875
1115,92.8319091796875
1116,92.8319091796875
1117,92.8319091796875
1118,92.8319091796875
1119,92.8319091796875
1120,92.8319091796875
1121,92.8319091796875
1122,92.8319091796875
1123,92.8319091796875
1124,92.8319091796875
1125,92.8319091796875
1126,92.8319091796875
1127,92.8319091796875
1128,92.8319091796875
1129,92.8319091796875
1130,92.8319091796875
1131,92.8319091796875
1132,92.8319091796875
1133,92.8319091796875
1134,92.8319091796875
1135,92.8319091796875
1136,92.8319091796875
1137,92.8319091796875
1138,92.8319091796875
1139,92.8319091796875
1140,92.8319091796875
1141,92.8319091796875
1142,92.8319091796875
1143,92.8319091796875
1144,92.8319091796875
1145,92.8319091796875
1146,92.8319091796875
1147,92.8319091796875
1148,92.8319091796875
1149,92.8319091796875
1150,92.8319091796875
1151,92.8319091796875
1152,92.8319091796875
1153,92.8319091796875
1154,92.8319091796875
1155,92.8319091796875
1156,92.8319091796875
1157,92.8319091796875
1158,92.8319091796875
1159,92.8319091796875
1160,92.8319091796875
1161,92.8319091796875
1162,92.8319091796875
1163,92.8319091796875
1164,92.8319091796875
1165,92.8319091796875
1166,92.8319091796875
1167,92.8319091796875
1168,92.8319091796875
1169,92.8319091796875
1170,92.8319091796875
1171,92.8319091796875
1172,92.8319091796875
1173,92.8319091796875
1174,92.8319091796875
1175,92.8319091796875
1176,92.8319091796875
1177,92.8319091796875
1178,92.8319091796875
1179,92.8319091796875
1180,92.8319091796875
1181,92.8319091796875
1182,92.8319091796875
1183,92.8319091796875
1184,92.8319091796875
1185,92.8319091796875
1186,92.8319091796875
1187,92.8319091796875
1188,92.8319091796875
1189,92.8319091796875
1190,92.8319091796875
1191,92.8319091796875
1192,92.8319091796875
1193,92.8319091796875
1194,92.8319091796875
1195,92.8319091796875
1196,92.8319091796875
1197,92.8319091796875
1198,92.8319091796875
1199,92.8319091796875
1200,92.8319091796875
1201,92.8319091796875
1202,92.8319091796875
1203,92.8319091796875
1204,92.8319091796875
1205,92.8319091796875
1206,92.8319091796875
1207,92.8319091796875
1208,92.8319091796875
1209,92.8319091796875
1210,92.8319091796875
1211,92.8319091796875
1212,92.8319091796875
1213,92.8319091796875
1214,92.8319091796875
1215,92.8319091796875
1216,92.8319091796875
1217,92.8319091796875
1218,92.8319091796875
1219,92.8319091796875
1220,92.8319091796875
1221,92.8319091796875
1222,92.8319091796875
1223,92.8319091796875
1224,92.8319091796875
1225,92.8319091796875
1226,92.8319091796875
1227,92.8319091796875
1228,92.8319091796875
1229,92.8319091796875
1230,92.8319091796875
1231,92.8319091796875
1232,92.8319091796875
1233,92.8319091796875
1234,92.8319091796875
1235,92.8319091796875
1236,92.8319091796875
1237,92.8319091796875
1238,92.8319091796875
1239,92.8319091796875
1240,92.8319091796875
1241,92.8319091796875
1242,92.8319091796875
1243,92.8319091796875
1244,92.8319091796875
1245,92.8319091796875
1246,92.8319091796875
1247,92.8319091796875
1248,92.8319091796875
1249,92.8319091796875
1250,92.8319091796875
1251,92.8319091796875
1252,92.8319091796875
1253,92.8319091796875
1254,92.8319091796875
1255,92.8319091796875
1256,92.8319091796875
1257,92.8319091796875
1258,92.8319091796875
1259,92.8319091796875
1260,92.8319091796875
1261,92.8319091796875
1262,92.8319091796875
1263,92.8319091796875
1264,92.8319091796875
1265,92.8319091796875
1266,92.8319091796875
1267,92.8319091796875
1268,92.8319091796875
1269,92.8319091796875
1270,92.8319091796875
1271,92.8319091796875
1272,92.8319091796875
1273,92.8319091796875
1274,92.8319091796875
1275,92.8319091796875
1276,92.8319091796875
1277,92.8319091796875
1278,92.8319091796875
1279,92.8319091796875
1280,92.8319091796875
1281,92.8319091796875
1282,92.8319091796875
1283,92.8319091796875
1284,92.8319091796875
1285,92.8319091796875
1286,92.8319091796875
1287,92.8319091796875
1288,92.8319091796875
1289,92.8319091796875
1290,92.8319091796875
1291,92.8319091796875
1292,92.8319091796875
1293,92.8319091796875
1294,92.8319091796875
1295,92.8319091796875
1296,92.8319091796875
1297,92.8319091796875
1298,92.8319091796875
1299,92.8319091796875
1300,92.8319091796875
1301,92.8319091796875
1302,92.8319091796875
1303,92.8319091796875
1304,92.8319091796875
1305,92.8319091796875
1306,92.8319091796875
1307,92.8319091796875
1308,92.8319091796875
1309,92.8319091796875
1310,92.8319091796875
1311,92.8319091796875
1312,92.8319091796875
1313,92.8319091796875
1314,92.8319091796875
1315,92.8319091796875
1316,92.8319091796875
1317,92.8319091796875
1318,92.8319091796875
1319,92.8319091796875
1320,92.8319091796875
1321,92.8319091796875
1322,92.8319091796875
1323,92.8319091796875
1324,92.8319091796875
1325,92.8319091796875
1326,92.8319091796875
1327,92.8319091796875
1328,92.8319091796875
1329,92.8319091796875
1330,92.8319091796875
1331,92.8319091796875
1332,92.8319091796875
1333,92.8319091796875
1334,92.8319091796875
1335,92.8319091796875
1336,92.8319091796875
1337,92.8319091796875
1338,92.8319091796875
1339,92.8319091796875
1340,92.8319091796875
1341,92.8319091796875
1342,92.8319091796875
1343,92.8319091796875
1344,92.8319091796875
1345,92.8319091796875
1346,92.8319091796875
1347,92.8319091796875
1348,92.8319091796875
1349,92.8319091796875
1350,92.8319091796875
1351,92.8319091796875
1352,92.8319091796875
1353,92.8319091796875
1354,92.8319091796875
1355,92.8319091796875
1356,92.8319091796875
1357,92.8319091796875
1358,92.8319091796875
1359,92.8319091796875
1360,92.8319091796875
1361,92.8319091796875
1362,92.8319091796875
1363,92.8319091796875
1364,92.8319091796875
1365,92.8319091796875
1366,92.8319091796875
1367,92.8319091796875
1368,92.8319091796875
1369,92.8319091796875
1370,92.8319091796875
1371,92.8319091796875
1372,92.8319091796875
1373,92.8319091796875
1374,92.8319091796875
1375,92.8319091796875
1376,92.8319091796875
1377,92.8319091796875
1378,92.8319091796875
1379,92.8319091796875
1380,92.8319091796875
1381,92.8319091796875
1382,92.8319091796875
1383,92.8319091796875
1384,92.8319091796875
1385,92.8319091796875
1386,92.8319091796875
1387,92.8319091796875
1388,92.8319091796875
1389,92.8319091796875
1390,92.8319091796875
1391,92.8319091796875
1392,92.8319091796875
1393,92.8319091796875
1394,92.8319091796875
1395,92.8319091796875
1396,92.8319091796875
1397,92.8319091796875
1398,92.8319091796875
1399,92.8319091796875
1400,92.8319091796875
1401,92.8319091796875
1402,92.8319091796875
1403,92.8319091796875
1404,92.8319091796875
1405,92.8319091796875
1406,92.8319091796875
1407,92.8319091796875
1408,92.8319091796875
1409,92.8319091796875
1410,92.8319091796875
1411,92.8319091796875
1412,92.8319091796875
1413,92.8319091796875
1414,92.8319091796875
1415,92.8319091796875
1416,92.8319091796875
1417,92.8319091796875
1418,92.8319091796875
1419,92.8319091796875
1420,92.8319091796875
1421,92.8319091796875
1422,92.8319091796875
1423,92.8319091796875
1424,92.8319091796875
1425,92.8319091796875
1426,92.8319091796875
1427,92.8319091796875
1428,92.8319091796875
1429,92.8319091796875
1430,92.8319091796875
1431,92.8319091796875
1432,92.8319091796875
1433,92.8319091796875
1434,92.8319091796875
1435,92.8319091796875
1436,92.8319091796875
1437,92.8319091796875
1438,92.8319091796875
1439,92.8319091796875
1440,92.8319091796875
1441,92.8319091796875
1442,92.8319091796875
1443,92.8319091796875
1444,92.8319091796875
1445,92.8319091796875
1446,92.8319091796875
1447,92.8319091796875
1448,92.8319091796875
1449,92.8319091796875
1450,92.8319091796875
1451,92.8319091796875
1452,92.8319091796875
1453,92.8319091796875
1454,92.8319091796875
1455,92.8319091796875
1456,92.8319091796875
1457,92.8319091796875
1458,92.8319091796875
1459,92.8319091796875
1460,92.8319091796875
1461,92.8319091796875
1462,92.8319091796875
1463,92.8319091796875
1464,92.8319091796875
1465,92.8319091796875
1466,92.8319091796875
1467,92.8319091796875
1468,92.8319091796875
1469,92.8319091796875
1470,92.8319091796875
1471,92.8319091796875
1472,92.8319091796875
1473,92.8319091796875
1474,92.8319091796875
1475,92.8319091796875
1476,92.8319091796875
1477,92.8319091796875
1478,92.8319091796875
1479,92.8319091796875
1480,92.8319091796875
1481,92.8319091796875
1482,92.8319091796875
1483,92.8319091796875
1484,92.8319091796875
1485,92.8319091796875
1486,92.8319091796875
1487,92.8319091796875
1488,92.8319091796875
1489,92.8319091796875
1490,92.8319091796875
1491,92.8319091796875
1492,92.8319091796875
1493,92.8319091796875
1494,92.8319091796875
1495,92.8319091796875
1496,92.8319091796875
1497,92.8319091796875
1498,92.8319091796875
1499,92.8319091796875
1500,92.8319091796875
1501,92.8319091796875
1502,92.8319091796875
1503,92.8319091796875
1504,92.8319091796875
1505,92.8319091796875
1506,92.8319091796875
1507,92.8319091796875
1508,92.8319091796875
1509,92.8319091796875
1510,92.8319091796875
1511,92.8319091796875
1512,92.8319091796875
1513,92.8319091796875
1514,92.8319091796875
1515,92.8319091796875
1516,92.8319091796875
1517,92.8319091796875
1518,92.8319091796875
1519,92.8319091796875
1520,92.8319091796875
1521,92.8319091796875
1522,92.8319091796875
1523,92.8319091796875
1524,92.8319091796875
1525,92.8319091796875
1526,92.8319091796875
1527,92.8319091796875
1528,92.8319091796875
1529,92.8319091796875
1530,92.8319091796875
1531,92.8319091796875
1532,92.8319091796875
1533,92.8319091796875
1534,92.8319091796875
1535,92.8319091796875
1536,92.8319091796875
1537,92.8319091796875
1538,92.8319091796875
1539,92.8319091796875
1540,92.8319091796875
1541,92.8319091796875
1542,92.8319091796875
1543,92.8319091796875
1544,92.8319091796875
1545,92.8319091796875
1546,92.8319091796875
1547,92.8319091796875
1548,92.8319091796875
1549,92.8319091796875
1550,92.8319091796875
1551,92.8319091796875
1552,92.8319091796875
1553,92.8319091796875
1554,92.8319091796875
1555,92.8319091796875
1556,92.8319091796875
1557,92.8319091796875
1558,92.8319091796875
1559,92.8319091796875
1560,92.8319091796875
1561,92.8319091796875
1562,92.8319091796875
1563,92.8319091796875
1564,92.8319091796875
1565,92.8319091796875
1566,92.8319091796875
1567,92.8319091796875
1568,92.8319091796875
1569,92.8319091796875
1570,92.8319091796875
1571,92.8319091796875
1572,92.8319091796875
1573,92.8319091796875
1574,92.8319091796875
1575,92.8319091796875
1576,92.8319091796875
1577,92.8319091796875
1578,92.8319091796875
1579,92.8319091796875
1580,92.8319091796875
1581,92.8319091796875
1582,92.8319091796875
1583,92.8319091796875
1584,92.8319091796875
1585,92.8319091796875
1586,92.8319091796875
1587,92.8319091796875
1588,92.8319091796875
1589,92.8319091796875
1590,92.8319091796875
1591,92.8319091796875
1592,92.8319091796875
1593,92.8319091796875
1594,92.8319091796875
1595,92.8319091796875
1596,92.8319091796875
1597,92.8319091796875
1598,92.8319091796875
1599,92.8319091796875
1600,92.8319091796875
1601,92.8319091796875
1602,92.8319091796875
1603,92.8319091796875
1604,92.8319091796875
1605,92.8319091796875
1606,92.8319091796875
1607,92.8319091796875
1608,92.8319091796875
1609,92.8319091796875
1610,92.8319091796875
1611,92.8319091796875
1612,92.8319091796875
1613,92.8319091796875
1614,92.8319091796875
1615,92.8319091796875
1616,92.8319091796875
1617,92.8319091796875
1618,92.8319091796875
1619,92.8319091796875
1620,92.8319091796875
1621,92.8319091796875
1622,92.8319091796875
1623,92.8319091796875
1624,92.8319091796875
1625,92.8319091796875
1626,92.8319091796875
1627,92.8319091796875
1628,92.8319091796875
1629,92.8319091796875
1630,92.8319091796875
1631,92.8319091796875
1632,92.8319091796875
1633,92.8319091796875
1634,92.8319091796875
1635,92.8319091796875
1636,92.8319091796875
1637,92.8319091796875
1638,92.8319091796875
1639,92.8319091796875
1640,92.8319091796875
1641,92.8319091796875
1642,92.8319091796875
1643,92.8319091796875
1644,92.8319091796875
1645,92.8319091796875
1646,92.8319091796875
1647,92.8319091796875
1648,92.8319091796875
1649,92.8319091796875
1650,92.8319091796875
1651,92.8319091796875
1652,92.8319091796875
1653,92.8319091796875
1654,92.8319091796875
1655,92.8319091796875
1656,92.8319091796875
1657,92.8319091796875
1658,92.8319091796875
1659,92.8319091796875
1660,92.8319091796875
1661,92.8319091796875
1662,92.8319091796875
1663,92.8319091796875
1664,92.8319091796875
1665,92.8319091796875
1666,92.8319091796875
1667,92.8319091796875
1668,92.8319091796875
1669,92.8319091796875
1670,92.8319091796875
1671,92.8319091796875
1672,92.8319091796875
1673,92.8319091796875
1674,92.8319091796875
1675,92.8319091796875
1676,92.8319091796875
1677,92.8319091796875
1678,92.8319091796875
1679,92.8319091796875
1680,92.8319091796875
1681,92.8319091796875
1682,92.8319091796875
1683,92.8319091796875
1684,92.8319091796875
1685,92.8319091796875
1686,92.8319091796875
1687,92.8319091796875
1688,92.8319091796875
1689,92.8319091796875
1690,92.8319091796875
1691,92.8319091796875
1692,92.8319091796875
1693,92.8319091796875
1694,92.8319091796875
1695,92.8319091796875
1696,92.8319091796875
1697,92.8319091796875
1698,92.8319091796875
1699,92.8319091796875
1700,92.8319091796875
1701,92.8319091796875
1702,92.8319091796875
1703,92.8319091796875
1704,92.8319091796875
1705,92.8319091796875
1706,92.8319091796875
1707,92.8319091796875
1708,92.8319091796875
1709,92.8319091796875
1710,92.8319091796875
1711,92.8319091796875
1712,92.8319091796875
1713,92.8319091796875
1714,92.8319091796875
1715,92.8319091796875
1716,92.8319091796875
1717,92.8319091796875
1718,92.8319091796875
1719,92.8319091796875
1720,92.8319091796875
1721,92.8319091796875
1722,92.8319091796875
1723,92.8319091796875
1724,92.8319091796875
1725,92.8319091796875
1726,92.8319091796875
1727,92.8319091796875
1728,92.8319091796875
1729,92.8319091796875
1730,92.8319091796875
1731,92.8319091796875
1732,92.8319091796875
1733,92.8319091796875
1734,92.8319091796875
1735,92.8319091796875
1736,92.8319091796875
1737,92.8319091796875
1738,92.8319091796875
1739,92.8319091796875
1740,92.8319091796875
1741,92.8319091796875
1742,92.8319091796875
1743,92.8319091796875
1744,92.8319091796875
1745,92.8319091796875
1746,92.8319091796875
1747,92.8319091796875
1748,92.8319091796875
1749,92.8319091796875
1750,92.8319091796875
1751,92.8319091796875
1752,92.8319091796875
1753,92.8319091796875
1754,92.8319091796875
1755,92.8319091796875
1756,92.8319091796875
1757,92.8319091796875
1758,92.8319091796875
1759,92.8319091796875
1760,92.8319091796875
1761,92.8319091796875
1762,92.8319091796875
1763,92.8319091796875
1764,92.8319091796875
1765,92.8319091796875
1766,92.8319091796875
1767,92.8319091796875
1768,92.8319091796875
1769,92.8319091796875
1770,92.8319091796875
1771,92.8319091796875
1772,92.8319091796875
1773,92.8319091796875
1774,92.8319091796875
1775,92.8319091796875
1776,92.8319091796875
1777,92.8319091796875
1778,92.8319091796875
1779,92.8319091796875
1780,92.8319091796875
1781,92.8319091796875
1782,92.8319091796875
1783,92.8319091796875
1784,92.8319091796875
1785,92.8319091796875
1786,92.8319091796875
1787,92.8319091796875
1788,92.8319091796875
1789,92.8319091796875
1790,92.8319091796875
1791,92.8319091796875
1792,92.8319091796875
1793,92.8319091796875
1794,92.8319091796875
1795,92.8319091796875
1796,92.8319091796875
1797,92.8319091796875
1798,92.8319091796875
1799,92.8319091796875
1800,92.8319091796875
1801,92.8319091796875
1802,92.8319091796875
1803,92.8319091796875
1804,92.8319091796875
1805,92.8319091796875
1806,92.8319091796875
1807,92.8319091796875
1808,92.8319091796875
1809,92.8319091796875
1810,92.8319091796875
1811,92.8319091796875
1812,92.8319091796875
1813,92.8319091796875
1814,92.8319091796875
1815,92.8319091796875
1816,92.8319091796875
1817,92.8319091796875
1818,92.8319091796875
1819,92.8319091796875
1820,92.8319091796875
1821,92.8319091796875
1822,92.8319091796875
1823,92.8319091796875
1824,92.8319091796875
1825,92.8319091796875
1826,92.8319091796875
1827,92.8319091796875
1828,92.8319091796875
1829,92.8319091796875
1830,92.8319091796875
1831,92.8319091796875
1832,92.8319091796875
1833,92.8319091796875
1834,92.8319091796875
1835,92.8319091796875
1836,92.8319091796875
1837,92.8319091796875
1838,92.8319091796875
1839,92.8319091796875
1840,92.8319091796875
1841,92.8319091796875
1842,92.8319091796875
1843,92.8319091796875
1844,92.8319091796875
1845,92.8319091796875
1846,92.8319091796875
1847,92.8319091796875
1848,92.8319091796875
1849,92.8319091796875
1850,92.8319091796875
1851,92.8319091796875
1852,92.8319091796875
1853,92.8319091796875
1854,92.8319091796875
1855,92.8319091796875
1856,92.8319091796875
1857,92.8319091796875
1858,92.8319091796875
1859,92.8319091796875
1860,92.8319091796875
1861,92.8319091796875
1862,92.8319091796875
1863,92.8319091796875
1864,92.8319091796875
1865,92.8319091796875
1866,92.8319091796875
1867,92.8319091796875
1868,92.8319091796875
1869,92.8319091796875
1870,92.8319091796875
1871,92.8319091796875
1872,92.8319091796875
1873,92.8319091796875
1874,92.8319091796875
1875,92.8319091796875
1876,92.8319091796875
1877,92.8319091796875
1878,92.8319091796875
1879,92.8319091796875
1880,92.8319091796875
1881,92.8319091796875
1882,92.8319091796875
1883,92.8319091796875
1884,92.8319091796875
1885,92.8319091796875
1886,92.8319091796875
1887,92.8319091796875
1888,92.8319091796875
1889,92.8319091796875
1890,92.8319091796875
1891,92.8319091796875
1892,92.8319091796875
1893,92.8319091796875
1894,92.8319091796875
1895,92.8319091796875
1896,92.8319091796875
1897,92.8319091796875
1898,92.8319091796875
1899,92.8319091796875
1900,92.8319091796875
1901,92.8319091796875
1902,92.8319091796875
1903,92.8319091796875
1904,92.8319091796875
1905,92.8319091796875
1906,92.8319091796875
1907,92.8319091796875
1908,92.8319091796875
1909,92.8319091796875
1910,92.8319091796875
1911,92.8319091796875
1912,92.8319091796875
1913,92.8319091796875
1914,92.8319091796875
1915,92.8319091796875
1916,92.8319091796875
1917,92.8319091796875
1918,92.8319091796875
1919,92.8319091796875
1920,92.8319091796875
1921,92.8319091796875
1922,92.8319091796875
1923,92.8319091796875
1924,92.8319091796875
1925,92.8319091796875
1926,92.8319091796875
1927,92.8319091796875
1928,92.8319091796875
1929,92.8319091796875
1930,92.8319091796875
1931,92.8319091796875
1932,92.8319091796875
1933,92.8319091796875
1934,92.8319091796875
1935,92.8319091796875
1936,92.8319091796875
1937,92.8319091796875
1938,92.8319091796875
1939,92.8319091796875
1940,92.8319091796875
1941,92.8319091796875
1942,92.8319091796875
1943,92.8319091796875
1944,92.8319091796875
1945,92.8319091796875
1946,92.8319091796875
1947,92.8319091796875
1948,92.8319091796875
1949,92.8319091796875
1950,92.8319091796875
1951,92.8319091796875
1952,92.8319091796875
1953,92.8319091796875
1954,92.8319091796875
1955,92.8319091796875
1956,92.8319091796875
1957,92.8319091796875
1958,92.8319091796875
1959,92.8319091796875
1960,92.8319091796875
1961,92.8319091796875
1962,92.8319091796875
1963,92.8319091796875
1964,92.8319091796875
1965,92.8319091796875
1966,92.8319091796875
1967,92.8319091796875
1968,92.8319091796875
1969,92.8319091796875
1970,92.8319091796875
1971,92.8319091796875
1972,92.8319091796875
1973,92.8319091796875
1974,92.8319091796875
1975,92.8319091796875
1976,92.8319091796875
1977,92.8319091796875
1978,92.8319091796875
1979,92.8319091796875
1980,92.8319091796875
1981,92.8319091796875
1982,92.8319091796875
1983,92.8319091796875
1984,92.8319091796875
1985,92.8319091796875
1986,92.8319091796875
1987,92.8319091796875
1988,92.8319091796875
1989,92.8319091796875
1990,92.8319091796875
1991,92.8319091796875
1992,92.8319091796875
1993,92.8319091796875
1994,92.8319091796875
1995,92.8319091796875
1996,92.8319091796875
1997,92.8319091796875
1998,92.8319091796875
1999,92.8319091796875
